col,score,missing_rate
age_month,0.07456135138582234,0.0
lab_5211_min,0.013897611335879172,0.3456762584578779
lab_5227_max,0.013428839959401778,0.34954271693062683
lab_5249_min,0.012945713807127326,0.34589932336976725
lab_5235_max,0.01082308330637519,0.3451557736634694
lab_5227_min,0.008817546345836601,0.34954271693062683
lab_5237_min,0.00848812534598412,0.3453788385753588
chart_1016_min,0.007323973968495041,0.3994349022232136
chart_1001_min,0.007293902816093374,0.3273849356829504
lab_5223_max,0.006806819914830472,0.3657521005279203
lab_5226_max,0.0066544185508132445,0.3450814186928396
lab_5248_min,0.006520582435235614,0.3455275485166183
chart_1004_min,0.006334868989432546,0.3272362257416908
lab_5211_max,0.0060828534027514095,0.3456762584578779
chart_1001_max,0.005819429830286071,0.3273849356829504
lab_5249_max,0.005752191196461243,0.34589932336976725
lab_5224_min,0.0057024953048442645,0.345304483604729
chart_1004_max,0.0056061427543788525,0.3272362257416908
lab_5129_max,0.005392704922256926,0.1481894564651647
lab_5252_min,0.005327229056968023,0.3454531935459885
lab_5127_max,0.005110367991314164,0.16781916871142835
chart_1016_max,0.005098899289919134,0.3994349022232136
lab_5236_max,0.0049984468010042925,0.8424418172354822
lab_5237_max,0.004910466476744214,0.3453788385753588
lab_5233_max,0.004867793259893961,0.8426648821473716
lab_5215_max,0.004830182882681847,0.3452301286340992
lab_5218_min,0.004823713470582832,0.3450814186928396
lab_5141_max,0.0047956220574961,0.1481894564651647
lab_5223_min,0.004781076747313345,0.3657521005279203
lab_5186_max,0.004710575186833034,0.3830768086846606
lab_5218_max,0.004627142027146701,0.3450814186928396
chart_1015_min,0.004619228714574786,0.3994349022232136
chart_1015_max,0.00460562343078819,0.3994349022232136
lab_5213_max,0.004602894771699856,0.8274964681388951
lab_5235_min,0.004539185879552538,0.3451557736634694
lab_5174_min,0.004518370019432186,0.3830768086846606
lab_5224_max,0.0044654200513101336,0.345304483604729
lab_5239_min,0.004453941008070304,0.3451557736634694
lab_5239_max,0.004450847514462818,0.3451557736634694
lab_5248_max,0.004421164899604972,0.3455275485166183
lab_5230_max,0.004408839024044187,0.3450814186928396
lab_5110_max,0.004380172321220145,0.18172354821919845
lab_5174_max,0.004380056939471999,0.3830768086846606
lab_5186_min,0.004367402655086476,0.3830768086846606
lab_5141_min,0.004364638633214384,0.1481894564651647
lab_5129_min,0.004281405606105576,0.1481894564651647
lab_5111_min,0.004201739631903836,0.15235333482043276
lab_5213_min,0.004174621146411832,0.8274964681388951
lab_5219_min,0.004104466623151596,0.345304483604729
lab_5230_min,0.004041976163474551,0.3450814186928396
chart_1006_min,0.004037328019352787,0.4478399881032047
chart_1002_max,0.004021703869176692,0.48494311844746824
lab_6317_min,0.004015926380885174,0.17302401665551342
lab_5110_min,0.004007239262207593,0.18172354821919845
lab_5212_max,0.00397813944549256,0.5089597739608893
lab_5127_min,0.0039550423188608455,0.16781916871142835
lab_5095_min,0.003872353494821172,0.15116365529035616
lab_5132_max,0.003854968574088312,0.1481151014945349
lab_5114_min,0.0038402032019733932,0.14841252137705405
lab_5257_max,0.0038001089009466723,0.34582496839913746
lab_5132_min,0.0037867500225895094,0.1481151014945349
lab_5083_max,0.0037654325181841787,0.2885716410142018
lab_5215_min,0.0037462047149292494,0.3452301286340992
lab_5257_min,0.0037419676452412677,0.34582496839913746
lab_6317_max,0.0036918613386876355,0.17302401665551342
lab_5097_min,0.0036893093589108463,0.14796639155327534
lab_5057_max,0.003677087280182552,0.28819986616105286
lab_5136_min,0.0036679107359731773,0.14937913599524127
lab_5099_max,0.0036523455031362583,0.1481894564651647
lab_5095_max,0.0036407829038590245,0.15116365529035616
lab_5128_min,0.003633995697548323,0.1692319131533943
lab_5111_max,0.00362380914107265,0.15235333482043276
lab_5228_max,0.003618127983808411,0.3453788385753588
lab_5226_min,0.003616111426276016,0.3450814186928396
lab_5115_max,0.003598946429577755,0.14841252137705405
lab_5161_min,0.003591417328809758,0.3855305227154435
lab_5022_min,0.003584860039941886,0.2971224626366273
lab_5057_min,0.00357607601986694,0.28819986616105286
chart_1006_max,0.0035455296126651733,0.4478399881032047
lab_5024_max,0.003543123508836324,0.2885716410142018
lab_6236_max,0.003528487246673849,0.28946390066175925
lab_5115_min,0.003508918757301713,0.14841252137705405
lab_5136_max,0.0034918464539220257,0.14937913599524127
lab_5097_max,0.0034710208482169594,0.14796639155327534
lab_5099_min,0.0034704169760561036,0.1481894564651647
lab_5114_max,0.0034562525250576926,0.14841252137705405
lab_5128_max,0.0034495403673913865,0.1692319131533943
lab_5161_max,0.0034377008501688387,0.3855305227154435
lab_5225_min,0.0034368063073540794,0.3454531935459885
gender_is_male,0.003426204408873444,0.0
lab_5212_min,0.003420164497028326,0.5089597739608893
lab_6316_min,0.003418008061716787,0.18164919324856868
weight_kg,0.0034106512729060214,0.5893374972116886
lab_6316_max,0.0033988903437319564,0.18164919324856868
lab_5094_max,0.0033967917922792697,0.18209532307234738
lab_5025_min,0.0033859798400897737,0.2901330953974273
lab_5024_min,0.0033716717643441064,0.2885716410142018
lab_5077_min,0.0033702807931359617,0.289910030485538
lab_5225_max,0.003362535121713415,0.3454531935459885
lab_5022_max,0.003358668430502241,0.2971224626366273
lab_5252_max,0.003327402969421476,0.3454531935459885
lab_5113_max,0.0033168148313578102,0.14841252137705405
lab_5246_max,0.003299505867869812,0.8427392371180014
lab_5033_max,0.003247130838646403,0.2645549855007807
lab_5026_max,0.003244002780104063,0.2547401293776489
lab_6857_max,0.003242139523656667,0.4084318536694178
lab_5094_min,0.0032415063071557183,0.18209532307234738
lab_5083_min,0.003237301122671961,0.2885716410142018
lab_5039_min,0.003233967100055261,0.2898356755149082
lab_5077_max,0.0032311811421162247,0.289910030485538
lab_5113_min,0.0032257501560876457,0.14841252137705405
lab_5219_max,0.003223326883014326,0.345304483604729
lab_5026_min,0.00318979162486608,0.2547401293776489
lab_5037_min,0.0031873374824377756,0.2899843854561677
lab_5039_max,0.003181162427497564,0.2898356755149082
lab_5033_min,0.003176877805765923,0.2645549855007807
lab_5078_min,0.0031382611772066264,0.2879768012491635
lab_5021_min,0.0031322826689242182,0.2887203509554614
lab_5025_max,0.0031304839341590287,0.2901330953974273
lab_5037_max,0.0031300975550674396,0.2899843854561677
lab_5034_max,0.00304094347540192,0.28931519072049966
lab_5045_max,0.003031122243810482,0.29050487025057625
lab_6236_min,0.0029836318731837974,0.28946390066175925
lab_5120_max,0.002950248135803808,0.1859617815450963
lab_5045_min,0.002948898236641382,0.29050487025057625
lab_5021_max,0.002946971054581813,0.2887203509554614
chart_1002_min,0.0029159529554865947,0.48494311844746824
lab_5031_max,0.002907000666466513,0.2890177708379805
lab_5208_max,0.002900904696232357,0.8426648821473716
lab_5078_max,0.0028957339501665767,0.2879768012491635
lab_5072_min,0.002889718312591028,0.28931519072049966
lab_6261_min,0.002875714903400871,0.28886906089672093
lab_6261_max,0.0028744881064037544,0.28886906089672093
lab_5243_max,0.0028709931312898593,0.8426648821473716
lab_5002_max,0.002858828283354704,0.15376607926239869
lab_5074_max,0.0028494606590556294,0.30121198602126553
lab_5038_min,0.002844073506808125,0.2900587404267975
lab_5002_min,0.00283632755755543,0.15376607926239869
lab_5034_min,0.0028299265948440967,0.28931519072049966
lab_5031_min,0.002825608518293885,0.2890177708379805
lab_5074_min,0.0028189514279914987,0.30121198602126553
chart_1003_min,0.0028070698718548064,0.5975165439809651
chart_1003_max,0.0028062180043064303,0.5975165439809651
lab_5233_min,0.0027962557182170107,0.8426648821473716
lab_5041_max,0.0027916450005225804,0.2641832106476318
lab_5175_min,0.002789535852684899,0.3769053461223883
lab_5041_min,0.0027869114677561563,0.2641832106476318
lab_6318_min,0.0027842893385499738,0.18157483827793888
lab_5229_max,0.0027804322733093164,0.8479440850620864
lab_5626_min,0.0027607560533072215,0.5410067663023274
lab_5038_max,0.0027526825033210474,0.2900587404267975
lab_5120_min,0.002751229790071435,0.1859617815450963
lab_5228_min,0.002750503206743479,0.3453788385753588
lab_5229_min,0.002749105476831961,0.8479440850620864
lab_5072_max,0.002739333030077258,0.28931519072049966
lab_5046_max,0.002728056054000485,0.2896126106030188
lab_5492_min,0.0027106517052915887,0.15079188043720723
lab_5178_max,0.0026907259036127082,0.3769053461223883
lab_5492_max,0.002658331023072071,0.15079188043720723
lab_5027_max,0.00265050521821445,0.29489181351773364
lab_6334_min,0.0026461984468830638,0.9069075767715071
lab_5306_min,0.0026446616990590875,0.28886906089672093
lab_5175_max,0.002633026210451745,0.3769053461223883
lab_5046_min,0.002601991432839483,0.2896126106030188
lab_6525_max,0.0025918879533801927,0.9308498773142985
lab_5626_max,0.002566370211723272,0.5410067663023274
lab_6318_max,0.0025567833500939018,0.18157483827793888
lab_5042_max,0.0025553293354360082,0.2937021339876571
lab_5055_max,0.0025484364679707163,0.3002453714030783
lab_5055_min,0.002539815515453223,0.3002453714030783
lab_5236_min,0.0025390546937241374,0.8424418172354822
lab_5238_min,0.0025361872312309347,0.8420700423823333
lab_5178_min,0.0025352847991543864,0.3769053461223883
lab_6525_min,0.0025327109286511747,0.9308498773142985
lab_5231_max,0.0025006996590683913,0.842516172206112
lab_5075_min,0.0024865219909293414,0.30247602052197187
lab_6857_min,0.0024690870720540997,0.4084318536694178
lab_5231_min,0.0024537909404516054,0.842516172206112
lab_5493_min,0.0024214348012511024,0.18157483827793888
lab_5244_max,0.0024148834170055053,0.8424418172354822
lab_5059_min,0.0024014508941516788,0.37720276600490743
lab_5306_max,0.002399881473313419,0.28886906089672093
lab_5027_min,0.0023990446926859515,0.29489181351773364
lab_5243_min,0.002392092090679675,0.8426648821473716
lab_5075_max,0.002358000450452371,0.30247602052197187
lab_5242_min,0.0023562393856351857,0.8425905271767418
lab_5042_min,0.0022951471471701007,0.2937021339876571
lab_5242_max,0.0022851674343371295,0.8425905271767418
lab_6334_max,0.0022741717779831447,0.9069075767715071
lab_6524_min,0.0022546902668468148,0.8727042902818053
lab_5250_max,0.0022528708990962984,0.8925570674399583
lab_6796_min,0.0022388298240578956,0.3650829057922522
lab_5059_max,0.0022165518773345745,0.37720276600490743
lab_5208_min,0.0022100369453225124,0.8426648821473716
lab_5493_max,0.002206947382382276,0.18157483827793888
lab_6524_max,0.002195375285836053,0.8727042902818053
lab_5238_max,0.002124679991859563,0.8420700423823333
lab_6473_max,0.0021125670010966264,0.28455647260019334
lab_6796_max,0.0021032818520647207,0.3650829057922522
lab_5244_min,0.0020744739650341766,0.8424418172354822
lab_6473_min,0.0020029122177039355,0.28455647260019334
lab_5220_max,0.001990547207647128,0.9142687188638561
lab_5600_min,0.0019402373850083174,0.9187300171016433
lab_6276_max,0.0019220283644191022,0.9145661387463752
lab_5603_max,0.0019012228588453895,0.9165737229533795
lab_5255_max,0.0018826970352556073,0.7238456390809725
lab_5210_min,0.0018669250324636003,0.8859394750539074
lab_6471_min,0.001855238965283176,0.2849282474533423
lab_6276_min,0.0018416068321229426,0.9145661387463752
lab_5384_max,0.00184112385307704,0.6143207673432969
chart_1014_min,0.0018286248745692127,0.7722507249609636
chart_1014_max,0.0018118877999962091,0.7722507249609636
lab_5384_min,0.001780438973430028,0.6143207673432969
lab_5121_min,0.0017755265064244622,0.7816194512603167
lab_5210_max,0.0017629303885625554,0.8859394750539074
lab_5246_min,0.0017602158815759922,0.8427392371180014
lab_5600_max,0.0017305618495315072,0.9187300171016433
lab_5163_min,0.0017237690752124266,0.652241802364488
lab_5255_min,0.0017079459153717808,0.7238456390809725
lab_5603_min,0.0016977318362771474,0.9165737229533795
lab_5250_min,0.0016768589729857033,0.8925570674399583
lab_5601_max,0.0016571470813278714,0.9179121124247156
lab_6471_max,0.001650078774326593,0.2849282474533423
lab_6515_min,0.0016188904131774248,0.6137259275782586
lab_5121_max,0.0016186902545940816,0.7816194512603167
lab_5381_max,0.0016100816730331541,0.6128336679307012
lab_5163_max,0.0016025028450708009,0.652241802364488
lab_6515_max,0.0015984291876483827,0.6137259275782586
chart_1008_min,0.0015728356476154234,0.9301806825786304
lab_5620_max,0.0015707942355106808,0.9166480779240093
lab_5601_min,0.0015664781552721485,0.9179121124247156
chart_1008_max,0.0015538927683395318,0.9301806825786304
lab_5381_min,0.0015146128320147468,0.6128336679307012
lab_5620_min,0.001440841658485304,0.9166480779240093
chart_1011_max,0.00137914772619537,0.9524871737675663
lab_5220_min,0.0013728742025160387,0.9142687188638561
lab_5256_max,0.0013723410134751977,0.9296601977842218
chart_1011_min,0.0013674702980649967,0.9524871737675663
lab_5164_min,0.001356502567729878,0.6478548590973306
chart_1010_max,0.0013071315763210924,0.9524128187969366
lab_5164_max,0.0012938292269558344,0.6478548590973306
chart_1009_min,0.0012903964463149649,0.9352368205814559
lab_5192_max,0.0012647061768840053,0.6500855082162242
lab_5192_min,0.0012413023163433822,0.6500855082162242
chart_1031_min,0.0012311055140889911,0.9115919399211837
chart_1010_min,0.001225770897647091,0.9524128187969366
lab_5256_min,0.0011999871883480978,0.9296601977842218
lab_5604_min,0.0011998096246114034,0.9195479217785709
lab_5179_min,0.0011587749406313064,0.6442114655364711
chart_1009_max,0.001136425702589343,0.9352368205814559
lab_5373_max,0.0011336773600396542,0.7232507993159343
lab_5179_max,0.0011307547834780779,0.6442114655364711
lab_6085_min,0.0011231026820892412,0.828537437727712
chart_1031_max,0.0011128028414576195,0.9115919399211837
lab_5401_max,0.0011115017638202922,0.6113465685181054
lab_5604_max,0.0011095084373033495,0.9195479217785709
lab_6516_min,0.001103934753261435,0.6120157632537735
lab_5602_max,0.0010956707661996083,0.9168711428358985
lab_5373_min,0.0010842361118190923,0.7232507993159343
lab_6085_max,0.0010236278355370049,0.828537437727712
lab_5401_min,0.0010136619253744334,0.6113465685181054
chart_1007_max,0.0010107285321923917,0.7938136664436017
lab_5602_min,0.0010006691885959984,0.9168711428358985
lab_5821_min,0.0009995247115223863,0.92334002528069
lab_5585_min,0.0009658984297695368,0.9372444047884602
lab_5821_max,0.0009579048523173919,0.92334002528069
lab_6516_max,0.000943011600749343,0.6120157632537735
lab_5569_max,0.0009119183951602436,0.9372444047884602
lab_5569_min,0.0008940958777132583,0.9372444047884602
chart_1007_min,0.000888388407071837,0.7938136664436017
lab_5060_min,0.0008508229809395089,0.968324782511711
lab_5568_min,0.0008433018447465869,0.9372444047884602
lab_5245_max,0.0008396061758866016,0.9475797457060005
lab_5245_min,0.0008242978331921118,0.9475797457060005
lab_6842_max,0.0008233675223373599,0.7824373559372444
lab_5060_max,0.0008048541571144521,0.968324782511711
lab_5568_max,0.0008028637105872543,0.9372444047884602
lab_5585_max,0.000797906150849928,0.9372444047884602
lab_5565_min,0.0007506636387292703,0.9372444047884602
lab_6795_min,0.000747865521006113,0.9712989813369024
lab_6842_min,0.0007328033655509851,0.7824373559372444
lab_6472_min,0.0007224185852450975,0.2847051825414529
lab_6472_max,0.000710498668454704,0.2847051825414529
lab_6150_min,0.0007088678130701819,0.9362777901702729
lab_5611_min,0.0007038968842658561,0.9508513644137111
lab_5565_max,0.0006963512415712237,0.9372444047884602
lab_5253_max,0.0006897774504471335,0.8424418172354822
lab_6193_min,0.0006454317963122785,0.9343445609338984
lab_5611_max,0.0006362141969021805,0.9508513644137111
lab_6150_max,0.0006140784821644811,0.9362777901702729
lab_5284_min,0.0006002257485770018,0.9147148486876348
lab_5253_min,0.0005957086497048444,0.8424418172354822
lab_6149_max,0.0005925498453874551,0.9363521451409027
lab_6193_max,0.0005864093943895443,0.9343445609338984
lab_5284_max,0.0005839816062354159,0.9147148486876348
lab_6795_max,0.0005686686406297428,0.9712989813369024
lab_5403_max,0.0005645200151323116,0.9450516767045877
lab_6182_max,0.0005300112709698385,0.9344189159045282
lab_5403_min,0.0005197586441358904,0.9450516767045877
lab_5195_min,0.0005165401093522431,0.9241579299576177
lab_5399_min,0.0005140382325449919,0.9525615287381961
lab_5247_min,0.0004996902209197883,0.842516172206112
lab_5307_min,0.0004872308399919839,0.9417800579968771
lab_6149_min,0.00048428673291320523,0.9363521451409027
lab_5263_max,0.0004836343132284221,0.914640493717005
lab_5307_max,0.00048151829719079726,0.9417800579968771
lab_5335_min,0.00047601069179859,0.9889211093761618
lab_5047_max,0.00046992999208292537,0.9701836567774555
chart_1033_min,0.0004699234296107564,0.9934567625845788
lab_5562_max,0.0004648080221140858,0.9880288497286044
lab_6056_max,0.00046253129232980676,0.992713212878281
lab_5287_min,0.0004612832804771484,0.9145661387463752
lab_6477_max,0.00046101410094380544,0.9443081269982898
lab_5562_min,0.0004562956465569653,0.9880288497286044
lab_5032_max,0.0004551516657265166,0.9443081269982898
lab_5047_min,0.0004528269122849934,0.9701836567774555
lab_5281_max,0.00044960616195087466,0.914640493717005
lab_6180_max,0.00044350892924128565,0.9350881106401963
chart_1019_min,0.00044162032386907933,0.9998512900587404
lab_6547_max,0.0004409085018098062,0.9660941333928174
lab_6182_min,0.0004401914377375468,0.9344189159045282
lab_6180_min,0.0004365379121902136,0.9350881106401963
lab_5335_max,0.0004294283430771064,0.9889211093761618
lab_6164_min,0.00042816170757420434,0.9377648895828686
lab_5281_min,0.0004258166572551947,0.914640493717005
lab_5263_min,0.0004250476063508854,0.914640493717005
lab_5195_max,0.0004246351834921924,0.9241579299576177
lab_5262_min,0.0004245541800880572,0.9145661387463752
lab_5287_max,0.0004184248697026866,0.9145661387463752
lab_6056_min,0.00041230124399376503,0.992713212878281
lab_5155_max,0.00041179761819347264,0.9962078964978809
chart_1033_max,0.0004070689998636254,0.9934567625845788
lab_5032_min,0.000406511660709479,0.9443081269982898
lab_6165_min,0.00040609163002421143,0.9364265001115325
lab_6551_min,0.00040554748383679384,0.9652018737452599
lab_5071_max,0.00040482470342900463,0.9955387017622128
lab_6547_min,0.0004002387197722292,0.9660941333928174
lab_5247_max,0.00039986853944187106,0.842516172206112
lab_6459_max,0.00039821417299913057,0.86757379730835
lab_6165_max,0.00039055287897446516,0.9364265001115325
lab_6459_min,0.00038764840559816046,0.86757379730835
lab_5222_min,0.0003869840040334637,0.842516172206112
lab_5040_min,0.00038137191280107933,0.9729347906907577
lab_6457_max,0.00037877767406292327,0.8738196148412521
lab_5399_max,0.0003758451332354666,0.9525615287381961
lab_5283_min,0.00036050206502645954,0.9514462041787494
lab_6545_max,0.00036037258106177614,0.9655736485984088
lab_6164_max,0.00035943017690153616,0.9377648895828686
lab_6546_max,0.0003576389654456029,0.9655736485984088
lab_5262_max,0.00035722957081606437,0.9145661387463752
chart_1019_max,0.00034905718303845256,0.9998512900587404
lab_5040_max,0.00034903905819186787,0.9729347906907577
lab_6477_min,0.0003470866342177473,0.9443081269982898
lab_6841_max,0.00034267969868012106,0.7819168711428359
lab_5410_max,0.00034246522907905284,0.9952412818796936
lab_6546_min,0.00033764713208281913,0.9655736485984088
lab_6456_min,0.00033750327257357126,0.8737452598706223
lab_6545_min,0.0003320512337803989,0.9655736485984088
lab_5283_max,0.0003299366381748049,0.9514462041787494
lab_5203_min,0.0003268268148175483,0.9439363521451409
lab_6799_max,0.00032535537584939104,0.8737452598706223
lab_6057_min,0.0003241462088352017,0.992713212878281
lab_6284_max,0.00032238373237537576,0.9988846754405531
lab_5558_min,0.0003201845553821445,0.9627481597144769
lab_5336_max,0.0003187367429021987,0.9889211093761618
lab_6876_max,0.00031710863811574105,0.8805115621979329
lab_6799_min,0.00031670997674372245,0.8737452598706223
lab_5030_min,0.000310939595988671,0.9870622351104171
lab_6876_min,0.00030737997959243856,0.8805115621979329
lab_6543_max,0.0003029594034089272,0.9652018737452599
lab_6081_min,0.0003027445015999715,0.9926388579076512
lab_5558_max,0.0003026106357975443,0.9627481597144769
lab_6551_max,0.0003012651888932027,0.9652018737452599
lab_6057_max,0.00029904919099764144,0.992713212878281
lab_5222_max,0.00029900561858928784,0.842516172206112
lab_6458_min,0.0002988281702931163,0.8738939698118819
lab_6543_min,0.0002986325887886218,0.9652018737452599
lab_6284_min,0.0002976414049411178,0.9988846754405531
lab_6065_min,0.00029466493332055293,0.995464346791583
lab_6168_max,0.00029235739654043355,0.9927875678489106
lab_5336_min,0.0002888443181833616,0.9889211093761618
lab_6081_max,0.00028341681910985756,0.9926388579076512
lab_5155_min,0.000281934193953983,0.9962078964978809
lab_5202_min,0.00028140127533310714,0.9218529258680943
lab_5547_min,0.00027697373589909055,0.9964309614097703
lab_5410_min,0.00027257613404382526,0.9952412818796936
lab_6458_max,0.00026712116861692966,0.8738939698118819
lab_5194_min,0.0002652675282146232,0.9684734924529704
lab_6456_max,0.00026446445394720806,0.8737452598706223
lab_6457_min,0.0002639339090577871,0.8738196148412521
lab_6875_min,0.0002626154796876454,0.8799167224328946
lab_6560_min,0.0002622873741173631,0.9733065655439066
lab_6168_min,0.0002596130737768082,0.9927875678489106
lab_6875_max,0.0002594246119323125,0.8799167224328946
lab_6065_max,0.00025936741365255756,0.995464346791583
lab_5202_max,0.0002593529857723981,0.9218529258680943
lab_5201_min,0.0002572019710123854,0.9219272808387241
lab_6583_max,0.0002550796137215709,0.9927875678489106
lab_6156_max,0.0002524466566543727,0.9953156368503234
lab_6874_min,0.0002508999949939673,0.8796193025503755
lab_5200_max,0.00024964060608373976,0.9986616105286639
lab_5199_max,0.00024895816574667373,0.9219272808387241
lab_5203_max,0.0002478018984742825,0.9439363521451409
lab_6560_max,0.00024578142987861663,0.9733065655439066
lab_6544_min,0.00024014145925226946,0.9660941333928174
lab_6582_max,0.00023952280996172946,0.9927875678489106
lab_6582_min,0.00023832122129589664,0.9927875678489106
lab_5071_min,0.00023808082684988185,0.9955387017622128
lab_5197_min,0.00023544921764624433,0.9691426871886386
lab_6146_max,0.00023346946291652156,0.9969514462041787
lab_6583_min,0.00023295288097817716,0.9927875678489106
lab_5200_min,0.00023088656922420542,0.9986616105286639
lab_5201_max,0.0002301599570201552,0.9219272808387241
lab_6156_min,0.0002274565227271702,0.9953156368503234
lab_6874_max,0.00022575472872629764,0.8796193025503755
lab_5264_min,0.00022473282332292102,0.9953156368503234
lab_5197_max,0.00022170826269379628,0.9691426871886386
lab_5264_max,0.00021906173818518957,0.9953156368503234
lab_5030_max,0.0002184544337559706,0.9870622351104171
lab_6626_max,0.0002177463052739367,0.9960591865566213
lab_5204_max,0.00021262638758764367,0.9220016358093539
lab_6544_max,0.00021005010205230767,0.9660941333928174
lab_6294_max,0.00020746948878392263,0.9984385456167745
lab_6109_max,0.00020700473279178436,0.9859469105509703
lab_5547_max,0.0002065629099584863,0.9964309614097703
lab_5545_max,0.00020535542186611347,0.9964309614097703
lab_6841_min,0.00020443219434651883,0.7819168711428359
lab_5204_min,0.00020435629096231343,0.9220016358093539
lab_6172_max,0.00020401590312833914,0.9985872555580341
lab_5544_min,0.0002020143371147322,0.9964309614097703
lab_5852_min,0.00020186441405508306,0.9928619228195404
lab_6294_min,0.00020176877064204723,0.9984385456167745
lab_6013_min,0.00019915026134566688,0.9990333853818127
lab_6146_min,0.00019879702081143524,0.9969514462041787
lab_5852_max,0.000197589377134917,0.9928619228195404
lab_5545_min,0.00019629941590623988,0.9964309614097703
lab_5199_min,0.00019548396739038835,0.9219272808387241
lab_6172_min,0.0001925259767097326,0.9985872555580341
lab_6301_max,0.00019250342896361025,0.9981411257342553
lab_6556_min,0.00018982916169674212,0.9734552754851662
lab_6626_min,0.00018820383733642414,0.9960591865566213
lab_5182_max,0.000187555772843475,0.9971001561454383
lab_6556_max,0.00018702293290765023,0.9734552754851662
lab_6877_max,0.00018671813933512227,0.9145661387463752
lab_6016_max,0.00018516991148807417,0.9988846754405531
lab_6853_max,0.00017684680356356143,0.973529630455796
lab_6066_max,0.00017516701623617283,0.995464346791583
lab_6856_max,0.00017462635822990198,0.973529630455796
lab_6109_min,0.00017406134142757424,0.9859469105509703
lab_6069_max,0.00017289376033288758,0.9965796713510298
lab_6301_min,0.00017174369622678662,0.9981411257342553
lab_6099_min,0.00017139827212324198,0.9919696631719831
lab_6856_min,0.00017010685104684595,0.973529630455796
lab_6548_max,0.00016767431361155942,0.9656480035690386
lab_6853_min,0.00016514517033154995,0.973529630455796
lab_6013_max,0.00016461365565578805,0.9990333853818127
lab_5169_min,0.0001645601468526077,0.9971001561454383
lab_6303_max,0.00016397394112571058,0.9979924157929958
lab_5183_max,0.00016333353687423587,0.9980667707636256
lab_6877_min,0.00016241485384606085,0.9145661387463752
lab_6321_min,0.00016220599054162695,0.9663915532753364
lab_6548_min,0.00015870471745065186,0.9656480035690386
lab_6303_min,0.00015714039318067465,0.9979924157929958
lab_5542_min,0.0001571388155535687,0.9964309614097703
lab_6099_max,0.0001567545990522902,0.9919696631719831
lab_6101_max,0.00015576387655191632,0.9919696631719831
lab_6066_min,0.0001532220978626529,0.995464346791583
lab_5542_max,0.00015250065055330482,0.9964309614097703
lab_5591_max,0.00015102570474618423,0.9988846754405531
lab_5597_max,0.00015080235787760305,0.9994051602349617
lab_5194_max,0.0001507551072430181,0.9684734924529704
lab_5546_min,0.0001501501583149018,0.9964309614097703
lab_6290_max,0.00014750777094279518,0.9663915532753364
lab_6290_min,0.00014467388124858753,0.9663915532753364
lab_6016_min,0.00014389321263801814,0.9988846754405531
lab_5544_max,0.00014221841028895803,0.9964309614097703
lab_5183_min,0.0001407080263666867,0.9980667707636256
lab_6794_max,0.00013984930479428087,0.9856494906684512
lab_6101_min,0.00013935797267476343,0.9919696631719831
lab_6069_min,0.00013924192005393957,0.9965796713510298
lab_6564_max,0.0001373360989904255,0.9734552754851662
lab_6321_max,0.0001368379317546572,0.9663915532753364
lab_5169_max,0.0001363208123081403,0.9971001561454383
lab_6624_min,0.00013594694047660105,0.9960591865566213
lab_6564_min,0.0001339703924343509,0.9734552754851662
lab_5597_min,0.00013219985941047695,0.9994051602349617
lab_5837_max,0.00013147145469205384,0.9919696631719831
lab_5182_min,0.00012896245786596746,0.9971001561454383
lab_5546_max,0.00012327469521600888,0.9964309614097703
lab_5196_min,0.00012264380818864713,0.9715964012194215
chart_1013_max,0.00012211962654039716,0.9418544129675068
lab_6289_min,0.0001219299159741682,0.9663915532753364
lab_6569_min,0.00012182351899949327,0.973529630455796
lab_5073_min,0.00011939395554696382,0.9912261134656852
lab_6289_max,0.00011927201074231385,0.9663915532753364
lab_5176_max,0.00011907109285000004,0.9979924157929958
lab_6302_min,0.00011899244899350769,0.9979924157929958
lab_6624_max,0.0001172701482973805,0.9960591865566213
lab_6302_max,0.00011617424574727633,0.9979924157929958
lab_5832_min,0.00011506927644008865,0.9926388579076512
lab_6914_min,0.00011440399364687056,0.9939772473789873
lab_5061_min,0.00011429202418526819,0.995464346791583
lab_5196_max,0.00011357677671585179,0.9715964012194215
lab_5837_min,0.00011318637915382299,0.9919696631719831
lab_6914_max,0.00011299251404720612,0.9939772473789873
lab_5382_max,0.0001125001782701258,0.990928693583166
lab_5832_max,0.00011202050935837026,0.9926388579076512
lab_5176_min,0.00011143400385017687,0.9979924157929958
lab_5173_max,0.00011143217398316998,0.9998512900587404
lab_6569_max,0.00010967328686723977,0.973529630455796
lab_5073_max,0.0001087788622419565,0.9912261134656852
lab_6098_min,0.00010862556603715278,0.9926388579076512
lab_5591_min,0.00010605417742137369,0.9988846754405531
lab_6985_min,0.00010479903550287772,0.9834931965201874
lab_6161_max,0.0001045160962197229,0.9949438619971746
lab_6280_max,0.00010208074424286783,0.9998512900587404
lab_5838_min,0.00010193822937329186,0.9919696631719831
lab_6549_min,0.00010155419434381377,0.9655736485984088
lab_6794_min,0.000100409636124592,0.9856494906684512
chart_1013_min,0.00010014424018702098,0.9418544129675068
lab_5181_max,0.00010003902717870689,0.9980667707636256
lab_5543_max,9.992033232970472e-05,0.9964309614097703
lab_7012_max,9.725063144032304e-05,0.9284705182541453
lab_6105_min,9.575366293961074e-05,0.9928619228195404
lab_6151_min,9.514486867367703e-05,0.9955387017622128
lab_6549_max,9.384011295764432e-05,0.9655736485984088
lab_6850_min,9.246353108804333e-05,0.9736783403970556
lab_5151_min,9.150162884751084e-05,0.9284705182541453
lab_5181_min,9.140790052674669e-05,0.9980667707636256
lab_5185_min,9.131612570875987e-05,0.997918060822366
lab_5177_max,9.129207165367696e-05,0.9976206409398468
lab_6568_max,9.10733623110636e-05,0.9732322105732768
lab_6934_max,9.068205149599697e-05,0.9934567625845788
lab_7012_min,8.986752923783445e-05,0.9284705182541453
lab_5543_min,8.951526280055391e-05,0.9964309614097703
lab_6280_min,8.923617311468132e-05,0.9998512900587404
lab_6161_min,8.814036369784476e-05,0.9949438619971746
lab_5838_max,8.771703725020601e-05,0.9919696631719831
lab_6985_max,8.638210832935836e-05,0.9834931965201874
lab_5854_min,8.583135350358816e-05,0.9928619228195404
lab_5173_min,8.527072354311892e-05,0.9998512900587404
lab_5156_max,8.47636867569916e-05,0.9968027362629192
lab_6098_max,8.438705509779872e-05,0.9926388579076512
lab_6567_min,8.394676605943533e-05,0.9733065655439066
lab_5061_max,8.379745797469647e-05,0.995464346791583
lab_5170_min,8.340690798919775e-05,0.9979924157929958
lab_5168_max,8.087980664434771e-05,0.9979924157929958
lab_6850_max,8.025550218222507e-05,0.9736783403970556
chart_1012_max,7.7971560680194e-05,0.8074206260688527
lab_6103_min,7.7692373415e-05,0.9928619228195404
lab_5185_max,7.713715863363106e-05,0.997918060822366
lab_5168_min,7.63046317303624e-05,0.9979924157929958
lab_6105_max,7.526676391406289e-05,0.9928619228195404
lab_5382_min,7.486374281164792e-05,0.990928693583166
lab_5170_max,7.322722677690679e-05,0.9979924157929958
lab_6267_max,7.298269551246365e-05,0.9977693508811064
lab_6151_max,7.280862452453162e-05,0.9955387017622128
lab_6851_max,7.184558677430937e-05,0.973529630455796
lab_6571_max,7.134106769545248e-05,0.9733809205145364
lab_6273_max,7.049712191233874e-05,0.9998512900587404
lab_5153_max,6.987589431123355e-05,0.999628225146851
lab_6558_min,6.945661675305578e-05,0.9738270503383151
lab_6992_min,6.891413952803992e-05,0.9845341661090043
lab_6112_max,6.881773069965045e-05,0.9859469105509703
lab_5156_min,6.858070188038743e-05,0.9968027362629192
lab_5171_min,6.821900746343232e-05,0.9976949959104766
lab_6112_min,6.737079935474932e-05,0.9859469105509703
lab_5151_max,6.668236448747256e-05,0.9284705182541453
lab_6852_min,6.646274364247449e-05,0.973529630455796
lab_6304_min,6.623813978087054e-05,0.9990333853818127
lab_6568_min,6.604395797345836e-05,0.9732322105732768
lab_6103_max,6.570489443490608e-05,0.9928619228195404
lab_6851_min,6.567322593871697e-05,0.973529630455796
lab_6855_min,6.503161254259741e-05,0.973529630455796
lab_5854_max,6.43332483115009e-05,0.9928619228195404
lab_6852_max,6.4294907839997e-05,0.973529630455796
lab_6558_max,6.369815805846809e-05,0.9738270503383151
lab_6987_max,6.346885706790216e-05,0.9868391701985277
lab_6989_min,6.311887470443852e-05,0.9843854561677449
lab_6554_min,6.301406015554965e-05,0.9733809205145364
lab_5153_min,6.295775846012066e-05,0.999628225146851
lab_5166_max,6.232257484021001e-05,0.997546285969217
lab_6916_min,6.129866535368623e-05,0.9939772473789873
lab_6855_max,6.115189311187602e-05,0.973529630455796
lab_6241_max,6.088337780046942e-05,0.973529630455796
lab_6567_max,6.049621491471394e-05,0.9733065655439066
lab_6991_min,6.049152312872689e-05,0.9845341661090043
lab_6986_min,6.0258830791598715e-05,0.9834931965201874
lab_6273_min,5.992246818730041e-05,0.9998512900587404
lab_6571_min,5.9878564087826476e-05,0.9733809205145364
lab_5172_max,5.9340550739135806e-05,0.9978437058517362
lab_5184_min,5.933544820942888e-05,0.9977693508811064
lab_6916_max,5.9142816487743814e-05,0.9939772473789873
lab_6991_max,5.854645141373999e-05,0.9845341661090043
lab_5171_max,5.8230299178459164e-05,0.9976949959104766
lab_6250_min,5.771852742842393e-05,0.973529630455796
lab_6987_min,5.726990886712523e-05,0.9868391701985277
lab_6267_min,5.708735867455352e-05,0.9977693508811064
lab_6935_max,5.4682154532164784e-05,0.9934567625845788
lab_5167_min,5.33709331038931e-05,0.9979924157929958
lab_6986_max,5.2721973999615444e-05,0.9834931965201874
lab_5184_max,5.204747109084642e-05,0.9977693508811064
lab_5167_max,5.0875585829990106e-05,0.9979924157929958
lab_5165_min,5.073103558694954e-05,0.997918060822366
lab_6122_min,5.031143914774996e-05,0.9859469105509703
lab_6849_max,5.01596422349117e-05,0.973529630455796
lab_6169_min,4.8454816223367866e-05,0.997546285969217
lab_6122_max,4.8163367850353184e-05,0.9859469105509703
lab_5165_max,4.679240402896686e-05,0.997918060822366
lab_5172_min,4.623658478174939e-05,0.9978437058517362
lab_6534_max,4.611843034013715e-05,0.9981411257342553
lab_6534_min,4.510750847378388e-05,0.9981411257342553
lab_5180_max,4.4606185059936016e-05,0.9980667707636256
chart_1012_min,4.442211702448681e-05,0.8074206260688527
lab_6989_max,4.4117345979508346e-05,0.9843854561677449
lab_6993_min,4.167111083644964e-05,0.9834931965201874
lab_6241_min,4.152945262908443e-05,0.973529630455796
lab_6915_max,4.038121231688783e-05,0.9939028924083575
lab_6242_max,4.006625549466684e-05,0.973529630455796
lab_5177_min,3.93339727911468e-05,0.9976206409398468
lab_6304_max,3.9072134699499684e-05,0.9990333853818127
lab_6984_min,3.898960415659821e-05,0.9871365900810469
lab_6570_max,3.861707274022745e-05,0.9733809205145364
lab_6240_min,3.8200816970836745e-05,0.973529630455796
lab_5166_min,3.8015579478591374e-05,0.997546285969217
lab_6566_min,3.783318726762555e-05,0.973529630455796
lab_6992_max,3.7381201874442096e-05,0.9845341661090043
lab_6242_min,3.6169950188578534e-05,0.973529630455796
lab_6804_max,3.602526347363247e-05,0.9991077403524425
lab_6550_max,3.590042068841401e-05,0.9995538701762213
lab_6561_max,3.513198462342911e-05,0.9733065655439066
lab_6554_max,3.379982290906406e-05,0.9733809205145364
lab_6801_min,3.1988191279769164e-05,0.998959030411183
lab_6566_max,3.1802732315504046e-05,0.973529630455796
lab_6271_min,3.1056731588203546e-05,0.9995538701762213
lab_6915_min,3.085723021744676e-05,0.9939028924083575
lab_6169_max,3.069942658751368e-05,0.997546285969217
lab_6252_max,3.0364848857167113e-05,0.973529630455796
lab_6240_max,2.99943648507888e-05,0.973529630455796
lab_6271_max,2.9969702311943956e-05,0.9995538701762213
lab_6252_min,2.984895093623043e-05,0.973529630455796
lab_6988_max,2.9499408424001382e-05,0.9919696631719831
lab_6550_min,2.9292254424242613e-05,0.9995538701762213
lab_6849_min,2.913903011237196e-05,0.973529630455796
lab_6570_min,2.8561283466227216e-05,0.9733809205145364
lab_6993_max,2.820031435265826e-05,0.9834931965201874
lab_5180_min,2.71681738264616e-05,0.9980667707636256
lab_6489_min,2.663777306768763e-05,0.9999256450293702
lab_6250_max,2.646740503965189e-05,0.973529630455796
lab_6070_max,2.558406512101715e-05,0.9988846754405531
lab_6984_max,2.4617721417504936e-05,0.9871365900810469
lab_6561_min,2.3325766177894073e-05,0.9733065655439066
lab_6337_min,2.2217840052790897e-05,0.9880288497286044
lab_6805_min,2.1733792213913336e-05,0.998959030411183
lab_6801_max,2.1104398892997165e-05,0.998959030411183
lab_6804_min,1.9187120099048827e-05,0.9991077403524425
lab_6035_min,1.667467385069783e-05,0.9964309614097703
lab_6293_max,1.5155393175988427e-05,0.9985129005874043
lab_6854_min,1.482433793161249e-05,0.973529630455796
lab_6988_min,1.477853393615392e-05,0.9919696631719831
lab_6035_max,1.4259214825614298e-05,0.9964309614097703
lab_6803_max,1.3694730015755631e-05,0.998959030411183
lab_6293_min,1.3692775832446864e-05,0.9985129005874043
lab_5064_max,1.3663432668415633e-05,0.9962078964978809
lab_6805_max,1.3482346223242378e-05,0.998959030411183
lab_6888_min,1.2226346188876107e-05,0.9991077403524425
lab_6489_max,1.1763635564001456e-05,0.9999256450293702
lab_6337_max,1.104116894303182e-05,0.9880288497286044
lab_6253_min,1.0789484756269386e-05,0.973529630455796
lab_6192_max,1.0013388131118696e-05,0.9964309614097703
lab_6070_min,9.645265069121166e-06,0.9988846754405531
lab_6253_max,8.74957170352811e-06,0.973529630455796
lab_6990_max,8.605135927976289e-06,0.9834931965201874
lab_6015_max,8.30163732594031e-06,0.999628225146851
lab_6803_min,8.284437991617942e-06,0.998959030411183
lab_6385_min,7.292571614993998e-06,0.9994051602349617
lab_6854_max,7.150838844072294e-06,0.973529630455796
lab_6408_min,6.315533051988254e-06,0.9994051602349617
lab_6616_max,6.146635069560555e-06,0.9994051602349617
lab_5258_max,6.055073411479762e-06,0.9973975760279574
lab_5310_max,5.9157317611007794e-06,0.9972488660866979
lab_6935_min,5.772739527690146e-06,0.9934567625845788
lab_6287_max,5.6771916696755645e-06,0.9987359654992937
lab_6758_min,5.5339289734916396e-06,0.9994051602349617
lab_5310_min,5.407462646505997e-06,0.9972488660866979
lab_6340_min,5.286020448102553e-06,0.9994051602349617
lab_6339_min,5.264580018267561e-06,0.9994051602349617
lab_6243_max,5.2504666929889676e-06,0.973529630455796
lab_6522_min,5.18236711674556e-06,0.9993308052643319
lab_5292_min,5.114837728999879e-06,0.9968027362629192
lab_6633_min,4.949417178256929e-06,0.9999256450293702
lab_6467_max,4.774592405442958e-06,0.9982154807048851
lab_6947_max,4.771575790742925e-06,0.9991820953230723
lab_6347_max,4.757301539827975e-06,0.9994051602349617
lab_6782_max,4.7421776278716625e-06,0.9994051602349617
lab_6661_max,4.734509989429047e-06,0.9997025801174808
lab_6175_max,4.507735492328646e-06,0.9978437058517362
lab_6620_min,4.471992508144793e-06,0.9994051602349617
lab_6602_min,4.330319518412097e-06,0.9994051602349617
lab_6591_min,4.28184875013065e-06,0.9994051602349617
lab_6383_min,4.239349820146456e-06,0.9994051602349617
lab_6409_min,4.211583573822213e-06,0.9994051602349617
lab_6934_min,4.206829990097132e-06,0.9934567625845788
lab_6764_min,4.059826934597077e-06,0.9994051602349617
lab_7006_max,3.7840213286534618e-06,0.9953156368503234
lab_5622_max,3.765187690102938e-06,0.9998512900587404
lab_5289_max,3.7194199341970656e-06,0.9971001561454383
lab_6162_min,3.7191003584012737e-06,0.9785857684586214
lab_5628_min,3.7120739087319066e-06,0.999628225146851
lab_6393_max,3.6019151128299423e-06,0.9994051602349617
lab_6287_min,3.5718580486960243e-06,0.9987359654992937
lab_6243_min,3.520682504241161e-06,0.973529630455796
lab_6888_max,3.48394511315624e-06,0.9991077403524425
lab_6873_min,3.4607134391840297e-06,0.9988846754405531
lab_6784_max,3.4516253238594528e-06,0.9994795152055915
lab_6345_min,3.272490925962748e-06,0.9994051602349617
lab_6613_min,3.220126560602397e-06,0.9994051602349617
lab_6355_max,3.2198358365194735e-06,0.9994051602349617
lab_5567_min,3.1569865759303904e-06,0.9998512900587404
lab_6610_max,3.1505909509329407e-06,0.9994051602349617
lab_6605_min,3.111666944170621e-06,0.9994051602349617
lab_6393_min,3.0868505533166986e-06,0.9994051602349617
lab_6340_max,3.075616290911009e-06,0.9994051602349617
lab_6593_min,2.9245151298445366e-06,0.9994051602349617
lab_6408_max,2.893105855708407e-06,0.9994051602349617
lab_6781_max,2.8844059302290466e-06,0.9994051602349617
lab_6387_min,2.8385567502756227e-06,0.9994051602349617
lab_6464_min,2.8376477301005545e-06,0.9982154807048851
lab_6341_max,2.8303540210065455e-06,0.9994051602349617
lab_5258_min,2.8302216510534443e-06,0.9973975760279574
lab_5292_max,2.8090981534872696e-06,0.9968027362629192
lab_6015_min,2.8081569301253917e-06,0.999628225146851
lab_6392_min,2.7924331504900512e-06,0.9994051602349617
lab_6784_min,2.751399801605978e-06,0.9994795152055915
lab_6466_min,2.664020215057072e-06,0.9982154807048851
lab_6176_max,2.621629008625302e-06,0.995092571938434
lab_6918_max,2.541502831332636e-06,0.9991077403524425
lab_6176_min,2.514456498254585e-06,0.995092571938434
lab_6395_max,2.500427897280039e-06,0.9994051602349617
lab_6629_min,2.494560018648076e-06,0.9959104766153617
lab_5064_min,2.4516171713756084e-06,0.9962078964978809
lab_6990_min,2.4394813978237974e-06,0.9834931965201874
lab_6192_min,2.3965050390522035e-06,0.9964309614097703
lab_6162_max,2.356154115208398e-06,0.9785857684586214
lab_6553_min,2.2542543381841923e-06,0.9997025801174808
lab_7005_max,2.1234346792141502e-06,0.9965053163804001
lab_6999_min,2.0470491761457936e-06,0.9987359654992937
lab_6947_min,1.6852308281582948e-06,0.9991820953230723
lab_6613_max,1.66771009442862e-06,0.9994051602349617
lab_5058_min,1.6663250979733168e-06,0.9994795152055915
lab_6599_max,1.659163911654932e-06,0.9994051602349617
lab_5080_max,1.6317914517612889e-06,0.9994795152055915
lab_6586_max,1.6148912582363572e-06,0.9994051602349617
lab_6163_max,1.6115040840831866e-06,0.9962822514685107
lab_6404_max,1.6112202680986785e-06,0.9994051602349617
lab_6338_max,1.5992699857055286e-06,0.9994051602349617
lab_6339_max,1.5988081009934083e-06,0.9994051602349617
lab_6627_max,1.595047301622648e-06,0.9959104766153617
lab_6760_max,1.5916110800331894e-06,0.9994051602349617
lab_6917_max,1.5795380689954557e-06,0.9994051602349617
lab_6427_min,1.5760739110957907e-06,0.9997769350881106
lab_5189_min,1.575293638359983e-06,0.9998512900587404
lab_6587_min,1.5699194038879287e-06,0.9994051602349617
lab_6599_min,1.5605335048819617e-06,0.9994051602349617
lab_6389_max,1.5490597436332197e-06,0.9994051602349617
lab_6399_max,1.4788325455215564e-06,0.9994051602349617
lab_7006_min,1.4765130441964566e-06,0.9953156368503234
lab_5063_max,1.4761170164394183e-06,0.9997025801174808
lab_6158_min,1.4702964192246384e-06,0.9963566064391405
lab_6039_max,1.4478650773214573e-06,0.9991077403524425
lab_6353_max,1.4458048471407067e-06,0.9994051602349617
lab_6405_max,1.4124747801505165e-06,0.9994051602349617
lab_6350_min,1.4069150767758132e-06,0.9994051602349617
lab_6606_max,1.3815959078621488e-06,0.9994051602349617
lab_6394_min,1.3797007322410806e-06,0.9994051602349617
lab_6748_min,1.3767592593001775e-06,0.9982154807048851
lab_6843_max,1.3740762170992396e-06,0.9997769350881106
lab_6397_min,1.3732127626876255e-06,0.9994051602349617
lab_6185_min,1.3680864062476844e-06,0.9969514462041787
lab_5028_min,1.3672869146521993e-06,0.9994795152055915
lab_6348_max,1.3645926165330752e-06,0.9994051602349617
lab_6196_max,1.3561597871132383e-06,0.9994051602349617
lab_6919_max,1.3237601876649133e-06,0.9991077403524425
lab_6588_max,1.311293382012449e-06,0.9994051602349617
lab_6466_max,1.305970907668205e-06,0.9982154807048851
lab_7005_min,1.2997844887474463e-06,0.9965053163804001
lab_6426_min,1.2703536786896227e-06,0.9997769350881106
lab_6866_max,1.2639387623743222e-06,0.9998512900587404
lab_6390_min,1.2618169584865745e-06,0.9994051602349617
lab_6148_min,1.2617784066881342e-06,0.9997769350881106
lab_6345_max,1.257050308381294e-06,0.9994051602349617
lab_6589_max,1.2451653227243277e-06,0.9994051602349617
lab_6767_min,1.2199152323029157e-06,0.9994051602349617
lab_6748_max,1.1768161247132292e-06,0.9982154807048851
lab_6419_min,1.1603573918824947e-06,0.9994051602349617
lab_6871_min,1.1514429128963884e-06,0.9988846754405531
lab_6344_min,1.145080471750225e-06,0.9994051602349617
lab_7003_min,1.1417583305217366e-06,0.9976206409398468
lab_6465_max,1.1396205307243652e-06,0.9982154807048851
lab_6661_min,1.1388645323147251e-06,0.9997025801174808
lab_7003_max,1.1340170123803379e-06,0.9976206409398468
lab_7008_min,1.1233747380212827e-06,0.9987359654992937
lab_6285_min,1.1181197338202725e-06,0.9997025801174808
lab_6557_max,1.1121104482649393e-06,0.9997769350881106
lab_7001_max,1.106749365480369e-06,0.9988103204699235
lab_6565_min,1.0746267410803053e-06,0.9998512900587404
lab_5058_max,1.0481706035175921e-06,0.9994795152055915
lab_6955_min,9.21936906360914e-07,0.9999256450293702
lab_5054_min,9.116144485523254e-07,0.9994795152055915
lab_6297_max,8.887859458256535e-07,0.999628225146851
lab_6295_max,8.867189584420601e-07,0.9998512900587404
lab_6555_max,8.865850771129166e-07,0.9999256450293702
lab_6464_max,8.841832892969964e-07,0.9982154807048851
lab_5068_min,8.838013745046269e-07,0.9997025801174808
lab_6342_max,8.831723686617628e-07,0.9994051602349617
lab_6300_min,8.661111399282837e-07,0.999628225146851
lab_6195_max,8.531357451836392e-07,0.9999256450293702
lab_6593_max,8.495021102254429e-07,0.9994051602349617
lab_6463_min,8.219053049178698e-07,0.9982154807048851
lab_7000_min,7.702694738834893e-07,0.9988103204699235
lab_6463_max,7.600005139197793e-07,0.9982154807048851
lab_5016_min,5.897254949508107e-07,0.9997025801174808
lab_6920_max,2.3641270359921678e-07,0.9991820953230723
lab_6338_min,3.8898880603439935e-08,0.9994051602349617
lab_6118_max,2.219477484903856e-09,0.9993308052643319
lab_5511_max,1.9150740006757293e-09,0.9999256450293702
lab_5008_max,1.4226320353643926e-09,0.9999256450293702
lab_6118_min,4.142067373801711e-10,0.9993308052643319
lab_6064_min,0.0,0.9998512900587404
lab_6183_min,0.0,0.9998512900587404
lab_6064_max,0.0,0.9998512900587404
lab_5671_max,0.0,0.9998512900587404
lab_6780_max,0.0,0.9999256450293702
lab_6633_max,0.0,0.9999256450293702
lab_5190_max,0.0,0.9998512900587404
lab_6768_max,0.0,0.9999256450293702
lab_5189_max,0.0,0.9998512900587404
lab_5621_max,0.0,0.9998512900587404
lab_5539_max,0.0,0.9999256450293702
lab_5191_max,0.0,0.9998512900587404
lab_5191_min,0.0,0.9998512900587404
lab_6527_max,0.0,0.9998512900587404
lab_5188_max,0.0,0.9998512900587404
lab_6565_max,0.0,0.9998512900587404
lab_6160_max,0.0,0.9999256450293702
lab_6183_max,0.0,0.9998512900587404
lab_6526_max,0.0,0.9998512900587404
lab_6768_min,0.0,0.9999256450293702
lab_5567_max,0.0,0.9998512900587404
lab_6082_max,0.0,0.9997769350881106
lab_6858_max,0.0,0.9997769350881106
lab_6160_min,0.0,0.9999256450293702
lab_6858_min,0.0,0.9997769350881106
lab_5413_min,0.0,0.9997769350881106
lab_6082_min,0.0,0.9997769350881106
lab_6426_max,0.0,0.9997769350881106
lab_5035_min,0.0,0.9997769350881106
lab_6073_max,0.0,0.9997769350881106
lab_5815_min,0.0,0.9999256450293702
lab_5065_max,0.0,0.9997769350881106
lab_5065_min,0.0,0.9997769350881106
lab_5035_max,0.0,0.9997769350881106
lab_6427_max,0.0,0.9997769350881106
lab_6148_max,0.0,0.9997769350881106
lab_5413_max,0.0,0.9997769350881106
lab_6839_min,0.0,0.9999256450293702
lab_6839_max,0.0,0.9999256450293702
lab_7002_min,0.0,0.9953156368503234
lab_6623_max,0.0,0.9999256450293702
lab_5819_min,0.0,0.9999256450293702
lab_6074_min,0.0,0.9999256450293702
lab_6866_min,0.0,0.9998512900587404
lab_5671_min,0.0,0.9998512900587404
lab_6563_max,0.0,0.9999256450293702
lab_6562_max,0.0,0.9999256450293702
lab_6843_min,0.0,0.9997769350881106
lab_6073_min,0.0,0.9997769350881106
lab_5815_max,0.0,0.9999256450293702
lab_6951_min,0.0,0.9997769350881106
lab_6557_min,0.0,0.9997769350881106
lab_6951_max,0.0,0.9997769350881106
lab_5819_max,0.0,0.9999256450293702
lab_5357_max,0.0,0.9999256450293702
lab_6559_max,0.0,0.9998512900587404
lab_5622_min,0.0,0.9998512900587404
lab_5539_min,0.0,0.9999256450293702
lab_6670_min,0.0,0.9999256450293702
lab_5062_min,0.0,0.9999256450293702
lab_7024_max,0.0,0.9999256450293702
lab_7007_min,0.0,0.9999256450293702
lab_6528_min,0.0,0.9999256450293702
lab_7015_min,0.0,0.9999256450293702
lab_7021_min,0.0,0.9999256450293702
lab_7030_max,0.0,0.9982154807048851
lab_7022_min,0.0,0.9999256450293702
lab_7023_min,0.0,0.9999256450293702
lab_7024_min,0.0,0.9999256450293702
lab_7025_min,0.0,0.9999256450293702
lab_7026_min,0.0,0.9999256450293702
lab_5062_max,0.0,0.9999256450293702
lab_6997_min,0.0,0.9999256450293702
lab_5232_min,0.0,0.9999256450293702
lab_5008_min,0.0,0.9999256450293702
lab_7027_max,0.0,0.9999256450293702
lab_5357_min,0.0,0.9999256450293702
lab_6780_min,0.0,0.9999256450293702
lab_6428_min,0.0,0.9999256450293702
lab_6270_min,0.0,0.9999256450293702
lab_6195_min,0.0,0.9999256450293702
lab_5511_min,0.0,0.9999256450293702
lab_6670_max,0.0,0.9999256450293702
lab_6438_min,0.0,0.9999256450293702
lab_7026_max,0.0,0.9999256450293702
lab_5056_min,0.0,0.9999256450293702
lab_7025_max,0.0,0.9999256450293702
lab_5056_max,0.0,0.9999256450293702
lab_6995_min,0.0,0.9999256450293702
lab_6996_min,0.0,0.9999256450293702
lab_6998_min,0.0,0.9999256450293702
lab_7023_max,0.0,0.9999256450293702
lab_6959_max,0.0,0.9999256450293702
lab_6299_max,0.0,0.9999256450293702
lab_6254_max,0.0,0.973529630455796
lab_7017_max,0.0,0.9982154807048851
lab_6270_max,0.0,0.9999256450293702
lab_6559_min,0.0,0.9998512900587404
lab_5190_min,0.0,0.9998512900587404
lab_6428_max,0.0,0.9999256450293702
lab_6438_max,0.0,0.9999256450293702
lab_6527_min,0.0,0.9998512900587404
lab_6254_min,0.0,0.973529630455796
lab_6526_min,0.0,0.9998512900587404
lab_6299_min,0.0,0.9999256450293702
lab_5621_min,0.0,0.9998512900587404
lab_6528_max,0.0,0.9999256450293702
lab_6295_min,0.0,0.9998512900587404
lab_5232_max,0.0,0.9999256450293702
lab_5188_min,0.0,0.9998512900587404
lab_6563_min,0.0,0.9999256450293702
lab_6074_max,0.0,0.9999256450293702
lab_6623_min,0.0,0.9999256450293702
lab_6555_min,0.0,0.9999256450293702
lab_6957_min,0.0,0.9999256450293702
lab_6959_min,0.0,0.9999256450293702
lab_6997_max,0.0,0.9999256450293702
lab_6996_max,0.0,0.9999256450293702
lab_7007_max,0.0,0.9999256450293702
lab_6995_max,0.0,0.9999256450293702
lab_7022_max,0.0,0.9999256450293702
lab_7027_min,0.0,0.9999256450293702
lab_6562_min,0.0,0.9999256450293702
lab_7015_max,0.0,0.9999256450293702
lab_6957_max,0.0,0.9999256450293702
lab_6955_max,0.0,0.9999256450293702
lab_7021_max,0.0,0.9999256450293702
lab_6175_min,0.0,0.9978437058517362
lab_5054_max,0.0,0.9994795152055915
lab_6806_min,0.0,0.9997025801174808
lab_6614_min,0.0,0.9994051602349617
lab_6590_min,0.0,0.9994051602349617
lab_6589_min,0.0,0.9994051602349617
lab_6588_min,0.0,0.9994051602349617
lab_6586_min,0.0,0.9994051602349617
lab_6610_min,0.0,0.9994051602349617
lab_6611_min,0.0,0.9994051602349617
lab_6873_max,0.0,0.9988846754405531
lab_6616_min,0.0,0.9994051602349617
lab_6553_max,0.0,0.9997025801174808
lab_6872_max,0.0,0.9988846754405531
lab_6621_min,0.0,0.9994051602349617
lab_6622_min,0.0,0.9994051602349617
lab_6163_min,0.0,0.9962822514685107
lab_6395_min,0.0,0.9994051602349617
lab_6871_max,0.0,0.9988846754405531
lab_6355_min,0.0,0.9994051602349617
lab_7000_max,0.0,0.9988103204699235
lab_6592_min,0.0,0.9994051602349617
lab_7001_min,0.0,0.9988103204699235
lab_6603_min,0.0,0.9994051602349617
lab_6760_min,0.0,0.9994051602349617
lab_6407_min,0.0,0.9994051602349617
lab_6406_min,0.0,0.9994051602349617
lab_6405_min,0.0,0.9994051602349617
lab_6404_min,0.0,0.9994051602349617
lab_6403_min,0.0,0.9994051602349617
lab_6401_min,0.0,0.9994051602349617
lab_6400_min,0.0,0.9994051602349617
lab_6399_min,0.0,0.9994051602349617
lab_6398_min,0.0,0.9994051602349617
lab_6396_min,0.0,0.9994051602349617
lab_6343_max,0.0,0.9994051602349617
lab_6759_min,0.0,0.9994051602349617
lab_6606_min,0.0,0.9994051602349617
lab_6604_min,0.0,0.9994051602349617
lab_6341_min,0.0,0.9994051602349617
lab_6465_min,0.0,0.9982154807048851
lab_6394_max,0.0,0.9994051602349617
lab_6766_min,0.0,0.9994051602349617
lab_6353_min,0.0,0.9994051602349617
lab_6467_min,0.0,0.9982154807048851
lab_6522_max,0.0,0.9993308052643319
lab_6920_min,0.0,0.9991820953230723
lab_6919_min,0.0,0.9991077403524425
lab_6173_max,0.0,0.9980667707636256
lab_6918_min,0.0,0.9991077403524425
lab_6039_min,0.0,0.9991077403524425
lab_6811_min,0.0,0.9991077403524425
lab_6811_max,0.0,0.9991077403524425
lab_6185_max,0.0,0.9969514462041787
lab_6630_min,0.0,0.9970258011748085
lab_6630_max,0.0,0.9970258011748085
lab_6173_min,0.0,0.9980667707636256
lab_5289_min,0.0,0.9971001561454383
lab_6354_min,0.0,0.9994051602349617
lab_6396_max,0.0,0.9994051602349617
lab_6872_min,0.0,0.9988846754405531
lab_6388_min,0.0,0.9994051602349617
lab_6392_max,0.0,0.9994051602349617
lab_6342_min,0.0,0.9994051602349617
lab_6391_max,0.0,0.9994051602349617
lab_6347_min,0.0,0.9994051602349617
lab_6390_max,0.0,0.9994051602349617
lab_6158_max,0.0,0.9963566064391405
lab_6387_max,0.0,0.9994051602349617
lab_6388_max,0.0,0.9994051602349617
lab_6346_min,0.0,0.9994051602349617
lab_6343_min,0.0,0.9994051602349617
lab_6348_min,0.0,0.9994051602349617
lab_6397_max,0.0,0.9994051602349617
lab_6349_min,0.0,0.9994051602349617
lab_6391_min,0.0,0.9994051602349617
lab_6389_min,0.0,0.9994051602349617
lab_6385_max,0.0,0.9994051602349617
lab_6383_max,0.0,0.9994051602349617
lab_6781_min,0.0,0.9994051602349617
lab_5628_max,0.0,0.999628225146851
lab_7002_max,0.0,0.9953156368503234
lab_6312_min,0.0,0.9995538701762213
lab_6627_min,0.0,0.9959104766153617
lab_6628_min,0.0,0.9959104766153617
lab_6312_max,0.0,0.9995538701762213
lab_5028_max,0.0,0.9994795152055915
lab_6259_max,0.0,0.9994795152055915
lab_7017_min,0.0,0.9982154807048851
lab_6783_max,0.0,0.9994795152055915
lab_6259_min,0.0,0.9994795152055915
lab_5080_min,0.0,0.9994795152055915
lab_6783_min,0.0,0.9994795152055915
lab_6917_min,0.0,0.9994051602349617
lab_6608_min,0.0,0.9994051602349617
lab_6621_max,0.0,0.9994051602349617
lab_6300_max,0.0,0.999628225146851
lab_5613_min,0.0,0.999628225146851
lab_6409_max,0.0,0.9994051602349617
lab_6297_min,0.0,0.999628225146851
lab_6572_max,0.0,0.9997025801174808
lab_6806_max,0.0,0.9997025801174808
lab_5068_max,0.0,0.9997025801174808
lab_6285_max,0.0,0.9997025801174808
lab_7018_max,0.0,0.9982154807048851
lab_6572_min,0.0,0.9997025801174808
lab_5016_max,0.0,0.9997025801174808
lab_5063_min,0.0,0.9997025801174808
lab_5560_max,0.0,0.999628225146851
lab_5560_min,0.0,0.999628225146851
lab_7030_min,0.0,0.9982154807048851
lab_7018_min,0.0,0.9982154807048851
lab_5613_max,0.0,0.999628225146851
lab_6095_min,0.0,0.999628225146851
lab_6095_max,0.0,0.999628225146851
lab_6196_min,0.0,0.9994051602349617
lab_6407_max,0.0,0.9994051602349617
lab_6354_max,0.0,0.9994051602349617
lab_6604_max,0.0,0.9994051602349617
lab_6603_max,0.0,0.9994051602349617
lab_6602_max,0.0,0.9994051602349617
lab_6767_max,0.0,0.9994051602349617
lab_7008_max,0.0,0.9987359654992937
lab_6592_max,0.0,0.9994051602349617
lab_6591_max,0.0,0.9994051602349617
lab_6590_max,0.0,0.9994051602349617
lab_6622_max,0.0,0.9994051602349617
lab_6609_min,0.0,0.9994051602349617
lab_6398_max,0.0,0.9994051602349617
lab_6999_max,0.0,0.9987359654992937
lab_6344_max,0.0,0.9994051602349617
lab_6346_max,0.0,0.9994051602349617
lab_6349_max,0.0,0.9994051602349617
lab_6350_max,0.0,0.9994051602349617
lab_6766_max,0.0,0.9994051602349617
lab_6605_max,0.0,0.9994051602349617
lab_6406_max,0.0,0.9994051602349617
lab_6764_max,0.0,0.9994051602349617
lab_6403_max,0.0,0.9994051602349617
lab_6401_max,0.0,0.9994051602349617
lab_6400_max,0.0,0.9994051602349617
lab_6419_max,0.0,0.9994051602349617
lab_6587_max,0.0,0.9994051602349617
lab_6782_min,0.0,0.9994051602349617
lab_6620_max,0.0,0.9994051602349617
lab_6628_max,0.0,0.9959104766153617
lab_6758_max,0.0,0.9994051602349617
lab_6629_max,0.0,0.9959104766153617
lab_6759_max,0.0,0.9994051602349617
lab_6614_max,0.0,0.9994051602349617
lab_6611_max,0.0,0.9994051602349617
lab_6609_max,0.0,0.9994051602349617
lab_6608_max,0.0,0.9994051602349617
lab_6998_max,0.0,0.9999256450293702
